{"stationpointscoords": [-114.32000000000001, 65.685, -6.5, -102.62, 45.425, -5.68, -92.58000000000001, 28.025, -5.68, -73.28, 32.485, -4.99, -57.6, 36.974999999999994, -4.99, -29.570000000000007, 23.904999999999998, -4.449999999999999, -10.16000000000001, 15.674999999999997, -4.449999999999999, -1.4699999999999989, -2.9750000000000014, -4.449999999999999, 27.549999999999983, -9.415000000000006, -4.3, 39.96000000000001, -20.585000000000008, -4.3, 8.489999999999995, -0.49500000000000455, -4.09, 47.25999999999999, -34.315, -3.76, 61.150000000000006, -40.215, -3.4899999999999998, 15.810000000000002, -0.24500000000000455, -3.1899999999999995, 15.810000000000002, -0.24500000000000455, -2.4699999999999998, 76.26999999999998, -47.97500000000001, -1.7399999999999998, 68.93, -39.535, -1.5499999999999998, 114.32, -65.685, -1.0999999999999996, 88.75, -48.855000000000004, -0.4299999999999997, -56.96000000000001, 34.004999999999995, -0.2999999999999998, 106.50999999999999, -65.405, 0.0], "stationpointsnames": ["dukest1resurvey2009.1", "dukest1resurvey2009.2", "dukest1resurvey2009.3", "dukest1resurvey2009.4", "dukest1resurvey2009.5", "dukest1resurvey2009.7", "dukest1resurvey2009.8", "dukest1resurvey2009.9", "dukest1resurvey2009.13", "dukest1resurvey2009.14", "dukest1resurvey2009.10", "dukest1resurvey2009.15", "dukest1resurvey2009.16", "dukest1resurvey2009.11", "dukest1resurvey2009.12", "dukest1resurvey2009.18", "dukest1resurvey2009.17", "dukest1resurvey2009.21", "dukest1resurvey2009.19", "dukest1resurvey2009.6", "dukest1resurvey2009.20"], "legsconnections": [1, 0, 1, 2, 2, 3, 3, 4, 4, 19, 4, 5, 5, 6, 6, 7, 7, 10, 10, 13, 13, 14, 14, 8, 8, 9, 9, 11, 11, 12, 12, 16, 16, 15, 15, 18, 18, 20, 20, 17], "legsstyles": ["NORMAL", "NORMAL", "NORMAL", "NORMAL", "NORMAL", "NORMAL", "NORMAL", "NORMAL", "NORMAL", "NORMAL", "NORMAL", "NORMAL", "NORMAL", "NORMAL", "NORMAL", "NORMAL", "NORMAL", "NORMAL", "NORMAL", "NORMAL"], "xsectgps": [{"xsectindexes": [0, 1, 2, 3, 4, 19, 5, 6, 7, 10, 13, 14, 8, 9, 11, 11, 12, 16, 15, 18, 20, 17], "xsectrightvecs": [-0.8659720294933078, -0.5000924355909032, -0.8660622463728125, -0.49993618133485573, -0.3987698695524863, -0.9170510297344925, 0.25030509601779244, -0.9681670098219232, -0.5139920551198243, -0.8577949447704268, -0.7551715485204232, -0.6555272170591134, -0.36827613211478777, -0.9297164570526711, -0.694621316119998, -0.7193755814536116, -0.43078410830499936, -0.9024550138549104, 0.13863860295896677, -0.9903430404509268, 0.03413310436547496, -0.9994172958211077, -0.6155658787235581, -0.7880854325206715, -0.642672705564719, -0.7661408444418847, -0.7879622280553331, -0.6157235801543378, -0.8829574690442792, -0.46945298791137857, -0.39095822220772963, -0.9204084248246381, -0.1565979932467726, -0.9876624263943039, -0.37454500805337854, -0.9272087342892616, -0.44636152139358465, -0.8948527209654137, -0.39885803216056515, -0.9170126881243256, -0.3829532109755203, -0.9237677403999008, -0.03582845420622367, -0.999357954823592], "xsectlruds": [0.0, 2.5, 1.2, 0.8, 0.9, 2.3, 0.2, 1.1, 6.0, 0.5, 2.0, 1.2, 3.5, 5.6, 0.5, 1.5, 0.5, 6.0, 5.2, 1.5, 1.5, 1.0, 0.1, -0.01, 3.0, 5.0, 0.2, 1.7, 0.5, 5.0, 1.5, 1.8, 3.5, 1.0, 2.0, 1.5, 2.0, 3.5, 0.0, 2.5, 3.0, 7.0, 0.9, -0.01, -0.01, -0.01, -0.01, -0.01, 2.4, 5.0, 0.3, 0.9, 1.0, 5.0, 1.5, 1.0, 4.0, 0.2, 1.0, 1.0, 4.0, 2.0, 1.0, 1.0, 2.5, 1.5, 1.5, 0.5, 1.0, 6.5, 2.0, 1.0, 5.0, 5.0, 2.5, 1.0, 0.5, 10.5, 1.5, 2.0, 4.5, 1.5, 0.5, 2.5, -0.01, -0.01, -0.01, -0.01]}]}